{
  "adaline": {
    "mean": 0.79140625,
    "std": 0.03514177942931082,
    "maximum": 0.8359375,
    "minimum": 0.7109375
  },
  "mlp": {
    "mean": 0.0484375,
    "std": 0.019065630435128256,
    "maximum": 0.0859375,
    "minimum": 0.03125
  },
  "rbf": {
    "mean": 0.1,
    "std": 0.04163410185773196,
    "maximum": 0.1640625,
    "minimum": 0.03125
  }
}