{
  "perceptron": {
    "accuracy": {
      "mean": 0.709168458781362,
      "std": 0.08600996988470697,
      "maximum": 0.8817204301075269,
      "minimum": 0.27956989247311825
    },
    "precision": {
      "mean": 0.8027322692152763,
      "std": 0.06598482925353,
      "maximum": 1.0,
      "minimum": 0.58125
    },
    "recall": {
      "mean": 0.8025004083980213,
      "std": 0.17372306231133586,
      "maximum": 1.0,
      "minimum": 0.0049504950495049506
    },
    "specificity": {
      "mean": 0.4760430065985272,
      "std": 0.26405001143884393,
      "maximum": 1.0,
      "minimum": 0.0
    },
    "f1_score": {
      "mean": 0.7880950499503313,
      "std": 0.09114350271294068,
      "maximum": 0.9255079006772009,
      "minimum": 0.009852216748768473
    }
  },
  "adaline": {
    "accuracy": {
      "mean": 0.7855268817204301,
      "std": 0.02393367233023383,
      "maximum": 0.8566308243727598,
      "minimum": 0.7025089605734767
    },
    "precision": {
      "mean": 0.8291169222736925,
      "std": 0.022931276598090328,
      "maximum": 0.8904109589041096,
      "minimum": 0.7546296296296297
    },
    "recall": {
      "mean": 0.8813116406482829,
      "std": 0.027888496366436234,
      "maximum": 0.967391304347826,
      "minimum": 0.7927461139896373
    },
    "specificity": {
      "mean": 0.5482757328380845,
      "std": 0.05089869381327764,
      "maximum": 0.7160493827160493,
      "minimum": 0.40789473684210525
    },
    "f1_score": {
      "mean": 0.8540242499742505,
      "std": 0.01757894734288292,
      "maximum": 0.9029126213592232,
      "minimum": 0.7950617283950617
    }
  },
  "mlp": {
    "accuracy": {
      "mean": 0.8152616487455198,
      "std": 0.029852774830043408,
      "maximum": 0.9032258064516129,
      "minimum": 0.7275985663082437
    },
    "precision": {
      "mean": 0.8307385810589866,
      "std": 0.02511021089491047,
      "maximum": 0.8940092165898618,
      "minimum": 0.7531914893617021
    },
    "recall": {
      "mean": 0.9310308674463483,
      "std": 0.029672155966847604,
      "maximum": 0.9948979591836735,
      "minimum": 0.8203883495145631
    },
    "specificity": {
      "mean": 0.5277899336151346,
      "std": 0.06385384148960607,
      "maximum": 0.7160493827160493,
      "minimum": 0.35714285714285715
    },
    "f1_score": {
      "mean": 0.8776668063729538,
      "std": 0.020696624058702272,
      "maximum": 0.9349397590361446,
      "minimum": 0.8181818181818181
    }
  },
  "rbf": {
    "accuracy": {
      "mean": 0.8295197132616488,
      "std": 0.03718647689631879,
      "maximum": 0.9175627240143369,
      "minimum": 0.7025089605734767
    },
    "precision": {
      "mean": 0.8227165672697827,
      "std": 0.0351654257197695,
      "maximum": 0.9099099099099099,
      "minimum": 0.6875
    },
    "recall": {
      "mean": 0.97211387038829,
      "std": 0.0385742547883639,
      "maximum": 1.0,
      "minimum": 0.8144329896907216
    },
    "specificity": {
      "mean": 0.4763759816332939,
      "std": 0.1120113933766205,
      "maximum": 0.7014925373134329,
      "minimum": 0.0
    },
    "f1_score": {
      "mean": 0.8902823327626188,
      "std": 0.02455267396770996,
      "maximum": 0.9478458049886622,
      "minimum": 0.8104265402843601
    }
  }
}